{"cameraMode":{"drawMode":0,"name":"Shaded","section":"Shading Mode"},"sceneLighting":true,"audioPlay":false,"sceneViewState":{"showFog":true,"showMaterialUpdate":true,"showSkybox":true,"showFlares":true,"showImageEffects":true,"showParticleSystems":true},"in2DMode":false,"pivot":{"x":15.148324966430664,"y":2.1621618270874025,"z":-1.187154769897461},"rotation":{"x":-0.1994713693857193,"y":-0.17906802892684937,"z":0.037106022238731387,"w":-0.9626998901367188},"size":21.010000228881837,"orthographic":false}